{
  "Requisição HTTP-0" : {
    "transaction" : "Requisição HTTP-0",
    "sampleCount" : 10,
    "errorCount" : 0,
    "errorPct" : 0.0,
    "meanResTime" : 167.9,
    "medianResTime" : 72.0,
    "minResTime" : 27.0,
    "maxResTime" : 483.0,
    "pct1ResTime" : 476.0,
    "pct2ResTime" : 483.0,
    "pct3ResTime" : 483.0,
    "throughput" : 11.415525114155251,
    "receivedKBytesPerSec" : 5.3844713184931505,
    "sentKBytesPerSec" : 1.5384203767123288
  },
  "Total" : {
    "transaction" : "Total",
    "sampleCount" : 30,
    "errorCount" : 0,
    "errorPct" : 0.0,
    "meanResTime" : 502.2666666666664,
    "medianResTime" : 508.0,
    "minResTime" : 27.0,
    "maxResTime" : 1130.0,
    "pct1ResTime" : 997.2000000000004,
    "pct2ResTime" : 1110.2,
    "pct3ResTime" : 1130.0,
    "throughput" : 23.148148148148145,
    "receivedKBytesPerSec" : 443.7964168595679,
    "sentKBytesPerSec" : 4.15943287037037
  },
  "Requisição HTTP-1" : {
    "transaction" : "Requisição HTTP-1",
    "sampleCount" : 10,
    "errorCount" : 0,
    "errorPct" : 0.0,
    "meanResTime" : 584.9000000000001,
    "medianResTime" : 604.0,
    "minResTime" : 419.0,
    "maxResTime" : 815.0,
    "pct1ResTime" : 799.9000000000001,
    "pct2ResTime" : 815.0,
    "pct3ResTime" : 815.0,
    "throughput" : 12.048192771084338,
    "receivedKBytesPerSec" : 340.7991340361446,
    "sentKBytesPerSec" : 1.6236822289156627
  },
  "Requisição HTTP" : {
    "transaction" : "Requisição HTTP",
    "sampleCount" : 10,
    "errorCount" : 0,
    "errorPct" : 0.0,
    "meanResTime" : 754.0,
    "medianResTime" : 719.5,
    "minResTime" : 449.0,
    "maxResTime" : 1130.0,
    "pct1ResTime" : 1126.4,
    "pct2ResTime" : 1130.0,
    "pct3ResTime" : 1130.0,
    "throughput" : 7.716049382716049,
    "receivedKBytesPerSec" : 221.89820842978395,
    "sentKBytesPerSec" : 2.079716435185185
  }
}